arxiv_id,relationship,related,title,url,abstract
2601.20802,original,original,Reinforcement Learning via Self-Distillation (SDPO),https://arxiv.org/abs/2601.20802,"Large language models are increasingly post-trained with reinforcement learning in verifiable domains such as code and math. Yet, current methods for reinforcement learning with verifiable rewards (RLVR) learn only from a scalar outcome reward per attempt, creating a severe credit-assignment bottleneck. Many verifiable environments actually provide rich textual feedback, such as runtime errors or judge evaluations, that explain why an attempt failed. We formalize this setting as reinforcement learning with rich feedback and introduce Self-Distillation Policy Optimization (SDPO), which converts tokenized feedback into a dense learning signal without any external teacher or explicit reward model. SDPO treats the current model conditioned on feedback as a self-teacher and distills its feedback-informed next-token predictions back into the policy. In this way, SDPO leverages the model's ability to retrospectively identify its own mistakes in-context. Across scientific reasoning, tool use, and competitive programming on LiveCodeBench v6, SDPO improves sample efficiency and final accuracy over strong RLVR baselines. Notably, SDPO also outperforms baselines in standard RLVR environments that only return scalar feedback by using successful rollouts as implicit feedback for failed attempts. Finally, applying SDPO to individual questions at test time accelerates discovery on difficult binary-reward tasks, achieving the same discovery probability as best-of-k sampling or multi-turn conversations with 3x fewer attempts."
2604.00626,citing,yes,A survey of on-policy distillation for large language models,https://arxiv.org/abs/2604.00626,"As Large Language Models continue to grow in both capability and cost, transferring frontier capabilities into smaller, deployable students has become an important engineering problem, and knowledge distillation remains a common technique for this transfer. The prevailing recipe in industrial pipelines, static imitation of teacher-generated text, carries a structural weakness that grows more severe as tasks become longer and more reasoning-intensive. Because the student is trained on flawless teacher prefixes but generates its own at inference, small errors tend to accumulate into trajectories it has rarely been trained to recover from, and the resulting exposure bias has been shown to scale roughly with the square of sequence length. On-Policy Distillation reorganizes the training loop around this observation by having the teacher provide feedback on what the student actually produces, with the goal of reducing the compounding term toward linear and reframing distillation as an iterative correction process rather than single-pass imitation. The resulting literature has expanded along divergence design, reward-guided optimization, and self-play, yet contributions remain scattered across the knowledge distillation, RLHF, and imitation learning communities without a unified treatment. This survey provides such a treatment. We formalize OPD as f-divergence minimization over student-sampled trajectories, organize the field along three design axes (what to optimize, where the signal comes from, and how to stabilize training in practice), and consolidate success conditions, recurring failure modes, and the connection between OPD and KL-constrained reinforcement learning. We close with open problems that emerge from this synthesis, including distillation scaling laws, uncertainty-aware feedback, agent-level distillation, and the growing overlap between knowledge distillation and RL."
2604.12002,citing,yes,Self-distillation zero: Self-revision turns binary rewards into dense supervision,https://arxiv.org/abs/2604.12002,"Current post-training methods in verifiable settings fall into two categories. Reinforcement learning (RLVR) relies on binary rewards, which are broadly applicable and powerful, but provide only sparse supervision during training. Distillation provides dense token-level supervision, typically obtained from an external teacher or using high-quality demonstrations. Collecting such supervision can be costly or unavailable. We propose Self-Distillation Zero (SD-Zero), a method that is substantially more training sample-efficient than RL and does not require an external teacher or high-quality demonstrations. SD-Zero trains a single model to play two roles: a Generator, which produces an initial response, and a Reviser, which conditions on that response and its binary reward to produce an improved response. We then perform on-policy self-distillation to distill the reviser into the generator, using the reviser's token distributions conditioned on the generator's response and its reward as supervision. In effect, SD-Zero trains the model to transform binary rewards into dense token-level self-supervision. On math and code reasoning benchmarks with Qwen3-4B-Instruct and Olmo-3-7B-Instruct, SD-Zero improves performance by at least 10% over the base models and outperforms strong baselines, including Rejection Fine-Tuning (RFT), GRPO, and Self-Distillation Fine-Tuning (SDFT), under the same question set and training sample budget. Extensive ablation studies show two novel characteristics of our proposed algorithm: (a) token-level self-localization, where the reviser can identify the key tokens that need to be revised in the generator's response based on reward, and (b) iterative self-evolution, where the improving ability to revise answers can be distilled back into generation performance with regular teacher synchronization. Code: https://github.com/princeton-pli/Self-Distillation-Zero."
2603.24472,citing,yes,Why Does Self-Distillation (Sometimes) Degrade the Reasoning Capability of LLMs?,https://arxiv.org/abs/2603.24472,"Self-distillation has emerged as an effective post-training paradigm for LLMs, often improving performance while shortening reasoning traces. However, in mathematical reasoning, we find that it can reduce response length while degrading performance. We trace this degradation to the suppression of epistemic verbalization - the model's expression of uncertainty during reasoning. Through controlled experiments varying conditioning context richness and task coverage, we show that conditioning the teacher on rich information suppresses uncertainty expression, enabling rapid in-domain optimization with limited task coverage but harming OOD performance, where unseen problems benefit from expressing uncertainty and adjusting accordingly. Across Qwen3-1.7B/8B, DeepSeek-Distill-Qwen-7B, and Olmo3-7B-Instruct, we observe performance drops of up to 40%. Our findings highlight that exposing appropriate levels of uncertainty is crucial for robust reasoning and underscore the importance of optimizing reasoning behavior beyond merely reinforcing correct answer traces."
2604.08527,citing,yes,Demystifying OPD: Length inflation and stabilization strategies for large language models,https://arxiv.org/abs/2604.08527,"On-policy distillation (OPD) trains student models under their own induced distribution while leveraging supervision from stronger teachers. We identify a failure mode of OPD: as training progresses, on-policy rollouts can undergo abrupt length inflation, causing truncated trajectories to dominate the training data. This truncation collapse coincides with abrupt repetition saturation and induces biased gradient signals, leading to severe training instability and sharp degradation in validation performance. We attribute this problem to the interaction between student-induced data collection and the distillation objective, which implicitly favors long and repetitive rollouts. To address this issue, we propose StableOPD, a stabilized OPD framework that combines a reference-based divergence constraint with rollout mixture distillation. These together mitigate repetition-induced length inflation and further stabilize OPD training. Across multiple math reasoning datasets, our approach prevents truncation collapse, stabilizes training dynamics, and improves performance by 7.2% on average."
2604.17535,citing,yes,OPSDL: On-policy self-distillation for long-context language models,https://arxiv.org/abs/2604.17535,"Extending the effective context length of large language models (LLMs) remains a central challenge for real-world applications. While recent post-training methods have made progress in long-context scaling, they either rely on high-quality supervision data or sparse sequence-level rewards, leading to unstable and inefficient optimization. We propose OPSDL, an On-Policy Self-Distillation method for enhancing the Long-context capabilities of LLMs. Unlike other recent self-distillation methods that inject privileged information and rely on the model's in-context learning ability to act as a teacher, OPSDL leverages the model's own inherently strong short-context capability as a self-teacher to supervise its own generation in long-context scenarios. The model first generates responses conditioned on the full long-context, then the self-teacher provides per-token supervision signals via point-wise reverse KL divergence under the relevant extracted short-context. This dense token-level signal encourages faithful use of relevant evidence and mitigates hallucinations induced by irrelevant context. We evaluate OPSDL on long-context benchmarks across a range of models from 7B to 32B parameters. Results show consistent and substantial improvements across varying context lengths, outperforming standard post-training approaches such as SFT and DPO with higher sample efficiency. Notably, these gains are achieved without degrading general short-context performance. These findings highlight the effectiveness of OPSDL as a scalable and stable approach for long-context learning."
2605.09253,citing,yes,Cornerstones or Stumbling Blocks? Deciphering the Rock Tokens in On-Policy Distillation,https://arxiv.org/abs/2605.09253,"While recent work in Reinforcement Learning with Verifiable Rewards (RLVR) has shown that a small subset of critical tokens disproportionately drives reasoning gains, an analogous token-level understanding of On-Policy Distillation (OPD) remains largely unexplored. In this work, we investigate high-loss tokens, a token type that--as the most direct signal of student-teacher mismatch under OPD's per-token KL objective--should progressively diminish as training converges according to existing studies; however, our empirical analysis shows otherwise. Even after OPD training reaches apparent saturation, a substantial subset of tokens continues to exhibit persistently high loss; these tokens, which we term Rock Tokens, can account for up to 18\% of the tokens in generated outputs. Our investigation reveals two startling paradoxes. First, despite their high occurrence frequency providing a disproportionately large share of total gradient norms, Rock Tokens themselves remain stagnant throughout training, resisting teacher-driven corrections. Second, through causal intervention, we find that these tokens provide negligible functional contribution to the model's actual reasoning performance. These findings suggest that a vast amount of optimization bandwidth is spent on structural and discourse residuals that the student model cannot or need not internalize. By deconstructing these dynamics, we demonstrate that strategically bypassing these ``stumbling blocks'' can significantly streamline the alignment process, challenging the necessity of uniform token weighting and offering a more efficient paradigm for large-scale model distillation."
2605.17873,citing,yes,HINT-SD: Targeted Hindsight Self-Distillation for Long-Horizon Agents,https://arxiv.org/abs/2605.17873,"Training long-horizon LLM agents with reinforcement learning is challenging because sparse outcome rewards reveal whether a task succeeds, but not which intermediate actions caused the outcome or how they should be corrected. Recent methods alleviate this issue by generating rewards or textual hints from turn-level action-output signals, or by using feedback-conditioned self-distillation. However, generating feedback at every turn is inefficient when many intermediate turns are already successful or neutral, and applying feedback at a fixed or misaligned turn often fails to supervise the actions that contributed to the failure. To bridge this gap, we propose HINT-SD, a targeted self-distillation framework that uses full-trajectory hindsight to select failure-relevant actions and applies feedback-conditioned distillation only on targeted action spans. Experiments on BFCL v3 and AppWorld show that our method improves over the dense per-turn feedback baseline by up to 18.80 percent while achieving 2.26$\times$ lower time per training step, suggesting that selecting where to distill is a key factor for both effective and efficient long-horizon agent training."
2605.01347,citing,yes,MAD-OPD: Breaking the Ceiling in On-Policy Distillation via Multi-Agent Debate,https://arxiv.org/abs/2605.01347,"On-policy distillation (OPD) trains a student on its own trajectories under token-level teacher supervision, but existing methods are capped by a single-teacher capability ceiling: when the teacher errs, the student inherits the error. OPD also remains largely unexplored in agentic tasks, where per-step errors compound across long trajectories and destabilize training. We propose MAD-OPD (Multi-Agent Debate-driven On-Policy Distillation), which breaks this ceiling by recasting the distillation teacher as a deliberative collective of teachers that debate over the student's on-policy state; the debate produces an emergent collective intelligence that supplies token-level supervision, with each teacher's contribution weighted by its post-debate confidence. To extend OPD to agentic tasks, we also introduce On-Policy Agentic Distillation (OPAD), which adds step-level sampling to stabilize training under multi-step error compounding. We additionally derive a task-adaptive divergence principle, selecting JSD (Jensen-Shannon divergence) for agentic stability and reverse KL (Kullback-Leibler) divergence for code generation, and verify it both theoretically and empirically. Across six teacher-student configurations (Qwen3 and Qwen3.5; 1.7B-14B students, 8B-32B teachers) and five agentic and code benchmarks, MAD-OPD ranks first across all six configurations; on the 14B+8B$\to$4B setting it lifts the agentic average by $+2.4\%$ and the code average by $+3.7\%$ over the stronger single-teacher OPD."
2606.11709,citing,yes,RLCSD: Reinforcement Learning with Contrastive On-Policy Self-Distillation,https://arxiv.org/abs/2606.11709,"On-policy self-distillation (OPSD) provides dense, token-level supervision for reasoning models by aligning a model's own distribution with the distribution it produces under privileged context, typically a verified solution. However, we show that the learning signal drawn from this distributional gap concentrates on style tokens rather than task-bearing ones, as the hinted model tends to produce more direct, shorter outputs. We term this pathology \emph{privilege-induced style drift}, which destabilizes training or causes response length to shrink. To address this, we propose \textbf{RLCSD} (Reinforcement Learning with Contrastive on-policy Self-Distillation), which mitigates this drift by contrasting the teacher-student gap under a correct hint against that under a wrong hint, suppressing the style shift that conditioning on a hint tends to induce regardless of correctness, and yielding a signal that is more concentrated on task-bearing tokens. Experiments on Qwen3 (1.7B/4B/8B) and Olmo-3-7B-Think across mathematical and logical reasoning show that RLCSD consistently outperforms GRPO and prior OPSD methods. We further show that the contrastive principle is general: it plugs into existing OPSD methods to improve them, and its underlying insight extends to the broader cross-model on-policy distillation setting."
2606.04036,citing,yes,Self-Distilled Policy Gradient,https://arxiv.org/abs/2606.04036,"On-policy self-distillation, where a language model conditions on privileged context to supervise its own generations, is a promising source of dense supervision for sparse-reward reinforcement learning. Actually, it can be instantiated as an auxiliary full-vocabulary student-to-teacher reverse Kullback-Leibler divergence loss. We therefore propose SDPG, a self-distilled policy-gradient framework that combines group-relative verifier advantages with normalized standard deviation, exact full-vocabulary on-policy self-distillation, as well as reference-policy KL regularization. Empirically, SDPG improves stability and performance over RLVR and self-distillation baselines. The code is available at https://github.com/lauyikfung/SDPG."
2603.12163,citing,yes,A Quantitative Characterization of Forgetting in Post-Training,https://arxiv.org/abs/2603.12163,"Continual post-training of generative models is widely used, yet a principled understanding of when and why forgetting occurs remains limited. We develop theoretical results under a two-mode mixture abstraction (representing old and new tasks), proposed by Chen et al. (2025) (arXiv:2510.18874), and formalize forgetting in two forms: (i) mass forgetting, where the old mixture weight collapses to zero, and (ii) old-component drift, where an already-correct old component shifts during training. For equal-covariance Gaussian modes, we prove that forward-KL objectives trained on data from the new distribution drive the old weight to zero, while reverse-KL objectives converge to the true target (thereby avoiding mass forgetting) and perturb the old mean only through overlap-gated misassignment probabilities controlled by the Bhattacharyya coefficient, yielding drift that decays exponentially with mode separation and a locally well-conditioned geometry with exponential convergence. We further quantify how replay interacts with these objectives. For forward-KL, replay must modify the training distribution to change the population optimum; for reverse-KL, replay leaves the population objective unchanged but prevents finite-batch old-mode starvation through bounded importance weighting. Finally, we analyze three recently proposed near-on-policy post-training methods, SDFT (arxiv:2601.19897), TTT-Discover (arxiv:2601.16175), and OAPL (arxiv:2602.19362), via the same lens and derive explicit conditions under which each retains old mass and exhibits overlap-controlled drift. Overall, our results show that forgetting can by precisely quantified based on the interaction between divergence direction, geometric behavioral overlap, sampling regime, and the visibility of past behavior during training."
2606.13657,citing,yes,"Dense Supervision, Sparse Updates: On the Sparsity and Geometry of On-Policy Distillation",https://arxiv.org/abs/2606.13657,"On-policy distillation (\textsc{OPD}) has recently become a prominent post-training recipe by combining two desirable ingredients: on-policy student trajectories and dense teacher supervision. However, how this hybrid changes a model's parameters remains unclear. Across several language and vision-language model pairs and \textsc{OPD} use cases, our analysis yields two main findings. On sparsity, \textsc{OPD} updates are small and coordinate-sparse. They are distributed across layers, with the largest relative movement usually appearing in FFN modules. This sparse structure is operationally useful: training only the discovered subnetwork nearly recovers full-training performance. The sparse support does not remove the need for adaptive optimization: SGD, previously reported to be competitive in \textsc{RLVR}, underperforms AdamW in our \textsc{OPD} optimizer ablation, suggesting that dense teacher supervision preserves useful momentum structure and heterogeneous second-moment scales. On geometry, the updates are numerically full-rank but spectrally concentrated; they lie mostly away from the principal singular subspaces of the source weights and fall disproportionately on coordinates where the source weights are close to zero. These findings suggest that dense teacher supervision does not turn \textsc{OPD} into ordinary dense parameter rewriting; instead, \textsc{OPD} retains important geometric signatures of on-policy post-training."
2606.11173,citing,yes,The Role of Feedback Alignment in Self-Distillation,https://arxiv.org/abs/2606.11173,"Conditioning a language model on additional context, such as feedback on a previous attempt, typically improves its response. Self-distillation trains the model to retain this improvement when the context is not present. The method works by matching the model's output distribution under two settings: a student that sees only the question, and a self-teacher that also sees the context. What the model learns therefore depends on what context the self-teacher receives, yet the design of this context remains largely unexplored. We study context design for self-distillation by training a solver on feedback from a frozen critic. We compare three conditions: (i) a binary reward (GRPO), (ii) the reference solution, and (iii) a step-by-step critique aligned to the solver's reasoning trace. Step-aligned critique yields the largest gains, outperforming GRPO by 16.11 points and reference-solution-conditioned self-distillation by 5.27 points (Avg@12). Per-token advantage analysis reveals why: step-aligned feedback targets only the tokens where reasoning fails, leaving correct behavior intact. Conditioning on the reference solution, by contrast, pressures the model to change its behavior at every token (even correct steps) because an alternative derivation inevitably differs in phrasing and approach. This suggests that structural alignment between feedback and the solver's reasoning is a key driver of self-distillation effectiveness."
2606.00172,citing,yes,CAST: Non-Privileged Clipped Asymmetric Self-Teaching with Advantage Flipping for GRPO,https://arxiv.org/abs/2606.00172,"Reinforcement learning with verifiable rewards (RLVR), especially Group Relative Policy Optimization (GRPO), has been widely used to improve reasoning in large language models. However, outcome-level rewards provide only sparse supervision, and group-relative advantages vanish when all sampled trajectories for a prompt are either correct or incorrect. On-Policy Self-Distillation (OPSD) offers dense token-level guidance, but its token preferences are not necessarily aligned with trajectory correctness; empirical diagnostics show that OPSD signals behave differently on correct and incorrect rollouts, with teacher-positive and teacher-negative gap signals exhibiting different noise profiles. These diagnostics are conducted under an OPSD-style privileged teacher context for analysis only, whereas CAST training uses answer-free self-teacher scoring.Motivated by these observations, this work proposes CAST, an answer-free self-distillation method for GRPO-style RLVR. CAST keeps the verifier-grounded GRPO objective, but uses a stop-gradient self-teacher to shape token-level advantages according to trajectory correctness. Unlike prior self-distilled RLVR methods, CAST does not require reference-solution-conditioned teacher scoring, keeps the self-teacher log-probability gap active throughout training, and applies bidirectional local advantage sign reversal: teacher-negative tokens in correct trajectories can receive negative token-level advantages, while teacher-positive tokens in incorrect trajectories can receive bounded positive local advantages. For zero-variance all-correct and all-wrong groups, CAST assigns bounded sign-constrained base advantages, so these otherwise zero-gradient groups can contribute verifier-signed token feedback. Experiments on mathematical reasoning show that CAST improves RLVR training while retaining a lightweight, verifier-grounded trajectory-level objective."
2606.11627,citing,yes,When Context Returns: Toward Robust Internalization in On-Policy Distillation,https://arxiv.org/abs/2606.11627,"Recent work has shown that on-policy distillation can internalize privileged context, such as system prompts or task hints, into a student model so that the context is no longer needed at inference time. Although this approach successfully improves the student's no-context performance, we identify an interesting and previously unstudied phenomenon: in many settings, reintroducing the original privileged context to the distilled student actually degrades its performance, even on instances it already solves correctly without context. We term this context-induced degradation and argue that robust internalization demands not only matching the teacher's context-conditioned behavior, but also remaining stable when the context is reintroduced, a property we call context removability. Motivated by this observation, we propose a lightweight consistency regularizer that first anchors the student's no-context output via stop-gradient, then penalizes the context-conditioned output for deviating from it via forward KL divergence. This simple addition requires only one extra forward pass per training step, yet it effectively mitigates context-induced degradation and, in many cases, even improves no-context performance. Across 12 configurations spanning diverse domains and model families, our method improves context-conditioned accuracy in the majority of settings, reduces context-induced harm in 11 out of 12 settings, and effectively eliminates response-length inflation. A mechanistic case study further confirms that context removability is achieved at the representation level, with hidden states remaining nearly identical regardless of whether the context is present."
2605.20506,citing,yes,Reinforcing Human Behavior Simulation via Verbal Feedback (DITTO),https://arxiv.org/abs/2605.20506,"Humans learn social norms and behaviors from verbal feedback (e.g., a parent saying ""that was rude"" or a friend explaining ""here's why that hurt""). Yet, learning from feedback for LLMs has largely focused on domains like code and math, where RL rewards are directly verifiable and condensed into scalar values. As LLMs are increasingly used to simulate human behavior, e.g., standing in for users, patients, students, and other personas, there is a pressing need to make them more human-like, which requires embracing a fundamentally different kind of signal: feedback that is verbal, subjective, and multi-faceted. We present DITTO, a model trained by treating verbal feedback as a first-class signal in reinforcement learning. After each rollout, DITTO receives verbal feedback and generates a feedback-conditioned improved rollout; both outputs are jointly optimized with GRPO, distilling verbal guidance into the base policy without requiring feedback at test time. We also introduce SOUL (Simulation gym Of hUman-Like behavior), a unified benchmark and training data suite spanning 10 tasks across six categories: Theory of Mind, character role play, social skill, learner simulation, user simulation, and persona simulation. DITTO achieves an average 36% improvement over the base model and exceeds GPT-5.4 on 6 of 10 SOUL benchmarks, demonstrating that RL with verbal feedback is a promising direction for training LLMs to simulate human behavior."
2603.18859,citing,yes,RewardFlow: Topology-Aware Reward Propagation on State Graphs for Agentic RL with Large Language Models,https://arxiv.org/abs/2603.18859,"Reinforcement learning (RL) shows promise for enhancing LLM agentic reasoning, yet sparse terminal rewards hinder fine-grained optimization. Process reward modeling offers an alternative but incurs high computational costs, reward hacking risks, and annotation bottlenecks. We introduce RewardFlow, a lightweight method for estimating state-level rewards in agentic reasoning. By constructing state graphs that capture the intrinsic topological structure of trajectories, RewardFlow performs topology-aware propagation to estimate each state's contribution to success, yielding principled, annotation-free dense rewards. Used for RL optimization, RewardFlow substantially outperforms prior baselines across four agentic benchmarks: +6.2% average success rate on text-based tasks, +29.7% on visual reasoning over the strongest baseline across three model scales, and +10% accuracy on DeepResearch, with superior robustness and training efficiency. The implementation of RewardFlow is publicly available at https://github.com/tmlr-group/RewardFlow."
2603.10165,citing,yes,Openclaw-rl: Train any agent simply by talking,https://arxiv.org/abs/2603.10165,"Every agent interaction generates a next-state signal, namely the user reply, tool output, terminal or GUI state change that follows each action, yet no existing agentic RL system recovers it as a live, online learning source. We present OpenClaw-RL, a framework that employs next-state signals to optimize personal agents online through infrastructure and methodology innovations. On the infrastructure side, we extend existing RL systems to a server-client architecture where the RL server hosts the policy behind an inference API and user terminals stream interaction data back over HTTP. From each observed next state, the system extracts two complementary training signals, evaluative and directive, via a separate asynchronous server so that neither signal extraction nor optimization blocks inference. On the methodology side, we introduce a hybrid RL objective that unifies both signal types in a single update: directive signals provide richer, token-level supervision but are sparser, while evaluative signals are more broadly available. To stabilize distillation under teacher-student mismatch, we propose overlap-guided hint selection, which picks the hint whose induced teacher distribution maximally overlaps with the student's top-$k$ tokens, together with a log-probability-difference clip that bounds per-token advantages. Applied to personal agents, OpenClaw-RL enables an agent to improve simply by being used, recovering conversational signals from user re-queries, corrections, and explicit feedback. Applied to general agents, OpenClaw-RL is the first RL framework to unify real-world agent settings spanning terminal, GUI, SWE, and tool-call environments, where we additionally demonstrate the utility of next-state signals in long-horizon settings."
2603.17621,citing,yes,Complementary reinforcement learning,https://arxiv.org/abs/2603.17621,"Reinforcement Learning (RL) has emerged as a powerful paradigm for training LLM-based agents, yet remains limited by low sample efficiency, stemming not only from sparse outcome feedback but also from the agent's inability to leverage prior experience across episodes. While augmenting agents with historical experience offers a promising remedy, existing approaches suffer from a critical weakness: the experience distilled from history is either stored statically or fail to coevolve with the improving actor, causing a progressive misalignment between the experience and the actor's evolving capability that diminishes its utility over the course of training. Inspired by complementary learning systems in neuroscience, we present Complementary RL to achieve seamless co-evolution of an experience extractor and a policy actor within the RL optimization loop. Specifically, the actor is optimized via sparse outcome-based rewards, while the experience extractor is optimized according to whether its distilled experiences demonstrably contribute to the actor's success, thereby evolving its experience management strategy in lockstep with the actor's growing capabilities. Empirically, Complementary RL outperforms outcome-based agentic RL baselines that do not learn from experience, achieving 10% performance improvement in single-task scenarios and exhibits robust scalability in multi-task settings. These results establish Complementary RL as a paradigm for efficient experience-driven agent learning."
2603.22479,citing,tangential,Cognitive Training for Language Models: Towards General Capabilities via Cross-Entropy Games,https://arxiv.org/abs/2603.22479,"Defining a constructive process to build general capabilities for language models in an automatic manner is considered an open problem in artificial intelligence. Towards this, we consider the problem of building a curriculum of tasks that grows a model via relevant skill discovery. We provide a concrete framework for this task, using a family of tasks called Cross-Entropy Games, which we postulate is universal in a suitable sense. We show that if it is possible to grow the curriculum for relevant skill discovery by iterating a greedy optimization algorithm, then, under natural assumptions, there is essentially only one meta-objective possible (up to a few hyper-parameters). We call the resulting process cognitive training. We postulate that, given sufficiently capable language models as players and meta-samplers, cognitive training provides a principled way to relevant skill discovery; and hence to the extent general capabilities are achievable via greedy curriculum learning, cognitive training would be a solution."
2606.08850,citing,tangential,Intrinsic Selection and Particle Resampling for Inference-Time Scaling Beyond Domain Verifiability,https://arxiv.org/abs/2606.08850,"Inference-Time Scaling (ITS) has largely succeeded in verifiable domains like math and coding, where cheap verification enables scalable output selection. However, extending ITS to tasks prone to systematic failure - driven by faulty initial assumptions or unmet multidimensional constraints - typically relies on costly external solvers or brittle, model-based verifiers. Our key insight is that the intrinsic statistics of parallel sample sets, specifically length-adjusted tail entropy, provide a robust discriminative signal for solution quality without access to ground truth. Crucially, these statistics serve as a difficulty gate for adaptive compute allocation, dynamically routing problems across scaling regimes. First, Intrinsic Selection (iS) ranks candidates post-hoc, matching consensus-based algorithms across three domains and improving engineering design selection by 20% over pass@1 baselines. Second, Intrinsic Particle Filtering (iPF) generalizes this to step-level resampling, guiding generation toward high-confidence reasoning trajectories to improve pass@1 by 6.1 points on average on hard math problems. Finally, Particle Distillation (dPF) injects privileged guidance via early logit blending and KL-guided resampling, steering generation past systematic reasoning errors to satisfy expert rubrics, yielding up to 26.5% gains on complex clinical responses. Our pipeline applies seamlessly across broad-purpose, domain-specialized, and multimodal architectures, successfully extending ITS to open-ended domains without requiring trained reward models or exact ground-truth verification."
2606.12072,citing,tangential,World Model Self-Distillation: Training World Models to Solve General Tasks,https://arxiv.org/abs/2606.12072,"Pretrained video generators are promising visual world models that exhibit emergent task-solving abilities; however, their reliance on detailed textual descriptions limits their direct use for planning and decision-making. Existing approaches either outsource this reasoning to language or vision-language models, or rely on supervised fine-tuning with paired task-execution videos, which are costly to collect and difficult to scale. We propose a scalable framework that elicits task-solving ability in such models by combining self-distillation with reinforcement learning. Given an unlabeled scene image, a vision-language model generates a candidate task and a detailed step-by-step solution. The solution conditions a pretrained video diffusion model, the Demonstrator; we distill its behavior into an Executor conditioned only on the image and a short task prompt. This transfers execution knowledge from caption-guided generation to instruction-conditioned task solving without curated task-video supervision. We further improve the Executor with reinforcement learning from VLM feedback, exploiting the asymmetry between judging whether a sampled video satisfies a task and generating the solution. Experiments on our proposed WorldTasks-Benchmark and the DreamGen robotics benchmark show that the Executor surpasses the Demonstrator under our VLM-based evaluation protocol and transfers competitively to robotic tasks."
2604.10029,citing,tangential,Self-distilled reinforcement learning for co-evolving agentic recommender systems,https://arxiv.org/abs/2604.10029,"Large language model-empowered agentic recommender systems (ARS) reformulate recommendation as a multi-turn interaction between a recommender agent and a user agent, enabling iterative preference elicitation and refinement beyond conventional one-shot prediction. However, existing ARS are mainly optimized in a Reflexion-style paradigm, where past interaction trajectories are stored as textual memory and retrieved as prompt context for later reasoning. Although this design allows agents to recall prior feedback and observations, the accumulated experience remains external to model parameters, leaving agents reliant on generic reasoning rather than progressively acquiring recommendation-specific decision-making ability through learning. Reinforcement learning (RL) therefore provides a natural way to internalize such interaction experience into parameters. Yet existing RL methods for ARS still suffer from two key limitations. First, they fail to capture the interactive nature of ARS, in which the recommender agent and the user agent continuously influence each other and can naturally generate endogenous supervision through interaction feedback. Second, they reduce a rich multi-turn interaction process to final outcomes, overlooking the dense supervision embedded throughout the trajectory. To this end, we propose CoARS, a self-distilled reinforcement learning framework for co-evolving agentic recommender systems. CoARS introduces two complementary learning schemes: interaction reward, which derives coupled task-level supervision for the recommender agent and the user agent from the same interaction trajectory, and self-distilled credit assignment, which converts historical trajectories into token-level credit signals under teacher-student conditioning. Experiments on multiple datasets show that CoARS outperforms representative ARS baselines in recommendation performance and user alignment."
2602.02136,citing,tangential,Mitigating Safety Tax via Distribution-Grounded Refinement in Large Reasoning Models,https://arxiv.org/abs/2602.02136,"Safety alignment incurs safety tax that perturbs a large reasoning model's (LRM) general reasoning ability. Existing datasets used for safety alignment for an LRM are usually constructed by distilling safety reasoning traces and answers from an external LRM or human labeler. However, such reasoning traces and answers exhibit a distributional gap with the target LRM that needs alignment, and we conjecture such distributional gap is the culprit leading to significant degradation of reasoning ability of the target LRM. Driven by this hypothesis, we propose a safety alignment dataset construction method, dubbed DGR. DGR transforms and refines an existing out-of-distributional safety reasoning dataset to be aligned with the target's LLM inner distribution. Experimental results demonstrate that i) DGR effectively mitigates the safety tax while maintaining safety performance across all baselines, i.e., achieving \textbf{+30.2\%} on DirectRefusal and \textbf{+21.2\%} on R1-ACT improvement in average reasoning accuracy compared to Vanilla SFT; ii) the degree of reasoning degradation correlates with the extent of distribution shift, suggesting that bridging this gap is central to preserving capabilities. Furthermore, we find that safety alignment in LRMs may primarily function as a mechanism to activate latent knowledge, as a mere \textbf{10} samples are sufficient for activating effective refusal behaviors. These findings not only emphasize the importance of distributional consistency but also provide insights into the activation mechanism of safety in reasoning models."
2605.20087,citing,no,ThoughtTrace: Understanding User Thoughts in Real-World LLM Interactions,https://arxiv.org/abs/2605.20087,"Conversational AI has now reached billions of users, yet existing datasets capture only what people say, not what they think. We introduce ThoughtTrace, the first large-scale dataset that pairs real-world multi-turn human--AI conversations with users' self-reported thoughts: their reasons for sending prompts and reactions to assistant responses. ThoughtTrace comprises 1,058 users, 2,155 conversations, 17,058 turns, and 10,174 thought annotations collected across 20 language models. Our analysis shows that ThoughtTrace captures long-horizon, topically diverse interactions, and that thoughts are semantically distinct from messages, difficult for frontier LLMs to infer from context, diverse in content, and tied to conversation stages. We further demonstrate the utility of thoughts for downstream modeling. First, thoughts improve user-behavior prediction as inference-time context. Second, thought-guided rewrites provide fine-grained alignment signals for training personalized assistants. Together, ThoughtTrace establishes user thoughts as a new data modality for studying the cognitive dynamics behind human--AI interaction and provides a foundation for building assistants that better understand and adapt to users' latent goals, preferences, and needs."
2605.19354,citing,no,Next-Acceleration-Scale Prediction for Autoregressive MRI Reconstruction,https://arxiv.org/abs/2605.19354,"MRI reconstruction is an inherently ill-posed inverse problem, since incomplete measurements admit many plausible solutions. This ambiguity becomes more severe under high acceleration, where pixel-domain continuous predictors tend to average over feasible reconstructions and suppress high-frequency anatomy. We address this limitation by moving reconstruction to discrete multi-scale latent space and posing it as autoregressive next-acceleration-scale prediction. Leveraging discrete priors proven effective in visual autoregressive modeling, our method restricts the solution to compact sequences of codebook tokens, enabling sharp reconstructions even from extremely sparse measurements. This discrete autoregressive formulation also aligns naturally with modern large language model post-training techniques. Building on this observation, we introduce on-policy privileged information distillation for visual autoregressive modeling, where a teacher is provided training only privileged context that is unavailable at inference, in our case fully sampled acquisitions, and supervises a student trained on its own rollouts, leading to consistent reconstruction gains. Through extensive experiments on the fastMRI benchmark, we show that our approach delivers improved reconstruction performance across diverse sampling patterns under extreme undersampling. Project website is \href{https://yilmazkorkmaz1.github.io/discrete-mri-reconstruction-opd/}{here}."
2605.15181,citing,no,From Plans to Pixels: Learning to Plan and Orchestrate for Open-Ended Image Editing,https://arxiv.org/abs/2605.15181,"Modern image editing models produce realistic results but struggle with abstract, multi step instructions (e.g., ``make this advertisement more vegetarian-friendly''). Prior agent based methods decompose such tasks but rely on handcrafted pipelines or teacher imitation, limiting flexibility and decoupling learning from actual editing outcomes. We propose an experiential framework for long-horizon image editing, where a planner generates structured atomic decompositions and an orchestrator selects tools and regions to execute each step. A vision language judge provides outcome-based rewards for instruction adherence and visual quality. The orchestrator is trained to maximize these rewards, and successful trajectories are used to refine the planner. By tightly coupling planning with reward driven execution, our approach yields more coherent and reliable edits than single-step or rule-based multistep baselines."
